{
  "1": {
    "Level": 1,
    "BreakBaseDamage": {
      "Value": 53.99999915256447
    }
  },
  "2": {
    "Level": 2,
    "BreakBaseDamage": {
      "Value": 57.999999089791466
    }
  },
  "3": {
    "Level": 3,
    "BreakBaseDamage": {
      "Value": 61.99999902701846
    }
  },
  "4": {
    "Level": 4,
    "BreakBaseDamage": {
      "Value": 67.5263829411908
    }
  },
  "5": {
    "Level": 5,
    "BreakBaseDamage": {
      "Value": 70.50939589425124
    }
  },
  "6": {
    "Level": 6,
    "BreakBaseDamage": {
      "Value": 73.52281884719036
    }
  },
  "7": {
    "Level": 7,
    "BreakBaseDamage": {
      "Value": 76.56604379888056
    }
  },
  "8": {
    "Level": 8,
    "BreakBaseDamage": {
      "Value": 79.63846175098058
    }
  },
  "9": {
    "Level": 9,
    "BreakBaseDamage": {
      "Value": 82.73946370235522
    }
  },
  "10": {
    "Level": 10,
    "BreakBaseDamage": {
      "Value": 85.86843465322066
    }
  },
  "11": {
    "Level": 11,
    "BreakBaseDamage": {
      "Value": 91.49440556464116
    }
  },
  "12": {
    "Level": 12,
    "BreakBaseDamage": {
      "Value": 97.0679804774523
    }
  },
  "13": {
    "Level": 13,
    "BreakBaseDamage": {
      "Value": 102.58915939048994
    }
  },
  "14": {
    "Level": 14,
    "BreakBaseDamage": {
      "Value": 108.0579423046854
    }
  },
  "15": {
    "Level": 15,
    "BreakBaseDamage": {
      "Value": 113.47433021981345
    }
  },
  "16": {
    "Level": 16,
    "BreakBaseDamage": {
      "Value": 118.83832213563367
    }
  },
  "17": {
    "Level": 17,
    "BreakBaseDamage": {
      "Value": 124.14991805191323
    }
  },
  "18": {
    "Level": 18,
    "BreakBaseDamage": {
      "Value": 129.40911896912536
    }
  },
  "19": {
    "Level": 19,
    "BreakBaseDamage": {
      "Value": 134.61592388842666
    }
  },
  "20": {
    "Level": 20,
    "BreakBaseDamage": {
      "Value": 139.77033280772162
    }
  },
  "21": {
    "Level": 21,
    "BreakBaseDamage": {
      "Value": 149.33228765747168
    }
  },
  "22": {
    "Level": 22,
    "BreakBaseDamage": {
      "Value": 158.8011175087856
    }
  },
  "23": {
    "Level": 23,
    "BreakBaseDamage": {
      "Value": 168.17682136119018
    }
  },
  "24": {
    "Level": 24,
    "BreakBaseDamage": {
      "Value": 177.45939921515102
    }
  },
  "25": {
    "Level": 25,
    "BreakBaseDamage": {
      "Value": 186.6488510718323
    }
  },
  "26": {
    "Level": 26,
    "BreakBaseDamage": {
      "Value": 195.74517792914614
    }
  },
  "27": {
    "Level": 27,
    "BreakBaseDamage": {
      "Value": 204.74837878778342
    }
  },
  "28": {
    "Level": 28,
    "BreakBaseDamage": {
      "Value": 213.65845264773657
    }
  },
  "29": {
    "Level": 29,
    "BreakBaseDamage": {
      "Value": 222.47540250902836
    }
  },
  "30": {
    "Level": 30,
    "BreakBaseDamage": {
      "Value": 231.19922537163598
    }
  },
  "31": {
    "Level": 31,
    "BreakBaseDamage": {
      "Value": 246.42755813344613
    }
  },
  "32": {
    "Level": 32,
    "BreakBaseDamage": {
      "Value": 261.18097890258764
    }
  },
  "33": {
    "Level": 33,
    "BreakBaseDamage": {
      "Value": 275.47332167754587
    }
  },
  "34": {
    "Level": 34,
    "BreakBaseDamage": {
      "Value": 289.3178864606647
    }
  },
  "35": {
    "Level": 35,
    "BreakBaseDamage": {
      "Value": 302.7274662502025
    }
  },
  "36": {
    "Level": 36,
    "BreakBaseDamage": {
      "Value": 315.71437204657593
    }
  },
  "37": {
    "Level": 37,
    "BreakBaseDamage": {
      "Value": 328.29045484903435
    }
  },
  "38": {
    "Level": 38,
    "BreakBaseDamage": {
      "Value": 340.46712665721657
    }
  },
  "39": {
    "Level": 39,
    "BreakBaseDamage": {
      "Value": 352.2553794726923
    }
  },
  "40": {
    "Level": 40,
    "BreakBaseDamage": {
      "Value": 363.665807293774
    }
  },
  "41": {
    "Level": 41,
    "BreakBaseDamage": {
      "Value": 408.1240005950971
    }
  },
  "42": {
    "Level": 42,
    "BreakBaseDamage": {
      "Value": 451.78829691036736
    }
  },
  "43": {
    "Level": 43,
    "BreakBaseDamage": {
      "Value": 494.67977523794264
    }
  },
  "44": {
    "Level": 44,
    "BreakBaseDamage": {
      "Value": 536.8187705768137
    }
  },
  "45": {
    "Level": 45,
    "BreakBaseDamage": {
      "Value": 578.2249139264424
    }
  },
  "46": {
    "Level": 46,
    "BreakBaseDamage": {
      "Value": 618.9171582881236
    }
  },
  "47": {
    "Level": 47,
    "BreakBaseDamage": {
      "Value": 658.9138086607894
    }
  },
  "48": {
    "Level": 48,
    "BreakBaseDamage": {
      "Value": 698.2325490433095
    }
  },
  "49": {
    "Level": 49,
    "BreakBaseDamage": {
      "Value": 736.8904714375057
    }
  },
  "50": {
    "Level": 50,
    "BreakBaseDamage": {
      "Value": 774.9040938399069
    }
  },
  "51": {
    "Level": 51,
    "BreakBaseDamage": {
      "Value": 871.0599483307028
    }
  },
  "52": {
    "Level": 52,
    "BreakBaseDamage": {
      "Value": 964.8705378595732
    }
  },
  "53": {
    "Level": 53,
    "BreakBaseDamage": {
      "Value": 1056.4206314224605
    }
  },
  "54": {
    "Level": 54,
    "BreakBaseDamage": {
      "Value": 1145.790961020719
    }
  },
  "55": {
    "Level": 55,
    "BreakBaseDamage": {
      "Value": 1233.0584586496452
    }
  },
  "56": {
    "Level": 56,
    "BreakBaseDamage": {
      "Value": 1318.2964803118216
    }
  },
  "57": {
    "Level": 57,
    "BreakBaseDamage": {
      "Value": 1401.5750060051314
    }
  },
  "58": {
    "Level": 58,
    "BreakBaseDamage": {
      "Value": 1482.9608387293933
    }
  },
  "59": {
    "Level": 59,
    "BreakBaseDamage": {
      "Value": 1562.5177764795205
    }
  },
  "60": {
    "Level": 60,
    "BreakBaseDamage": {
      "Value": 1640.3067822586847
    }
  },
  "61": {
    "Level": 61,
    "BreakBaseDamage": {
      "Value": 1752.3214895010526
    }
  },
  "62": {
    "Level": 62,
    "BreakBaseDamage": {
      "Value": 1861.9010947817342
    }
  },
  "63": {
    "Level": 63,
    "BreakBaseDamage": {
      "Value": 1969.1241500985566
    }
  },
  "64": {
    "Level": 64,
    "BreakBaseDamage": {
      "Value": 2074.0658624521025
    }
  },
  "65": {
    "Level": 65,
    "BreakBaseDamage": {
      "Value": 2176.798276839416
    }
  },
  "66": {
    "Level": 66,
    "BreakBaseDamage": {
      "Value": 2277.3904322614735
    }
  },
  "67": {
    "Level": 67,
    "BreakBaseDamage": {
      "Value": 2375.9085217153224
    }
  },
  "68": {
    "Level": 68,
    "BreakBaseDamage": {
      "Value": 2472.4160392003173
    }
  },
  "69": {
    "Level": 69,
    "BreakBaseDamage": {
      "Value": 2566.9739087174707
    }
  },
  "70": {
    "Level": 70,
    "BreakBaseDamage": {
      "Value": 2659.640621263046
    }
  },
  "71": {
    "Level": 71,
    "BreakBaseDamage": {
      "Value": 2780.3043773684017
    }
  },
  "72": {
    "Level": 72,
    "BreakBaseDamage": {
      "Value": 2898.602176512223
    }
  },
  "73": {
    "Level": 73,
    "BreakBaseDamage": {
      "Value": 3014.6029316926692
    }
  },
  "74": {
    "Level": 74,
    "BreakBaseDamage": {
      "Value": 3128.3729029068286
    }
  },
  "75": {
    "Level": 75,
    "BreakBaseDamage": {
      "Value": 3239.975827155903
    }
  },
  "76": {
    "Level": 76,
    "BreakBaseDamage": {
      "Value": 3349.4730354367807
    }
  },
  "77": {
    "Level": 77,
    "BreakBaseDamage": {
      "Value": 3456.923567750827
    }
  },
  "78": {
    "Level": 78,
    "BreakBaseDamage": {
      "Value": 3562.384275095113
    }
  },
  "79": {
    "Level": 79,
    "BreakBaseDamage": {
      "Value": 3665.909923471357
    }
  },
  "80": {
    "Level": 80,
    "BreakBaseDamage": {
      "Value": 3767.553286875686
    }
  },
  "81": {
    "Level": 81,
    "BreakBaseDamage": {
      "Value": 3957.8618488896636
    }
  },
  "82": {
    "Level": 82,
    "BreakBaseDamage": {
      "Value": 4155.21182679255
    }
  },
  "83": {
    "Level": 83,
    "BreakBaseDamage": {
      "Value": 4359.863754580838
    }
  },