{
  "1": {
    "ID": 1,
    "LevelDifference": 80,
    "StanceLevelEffect": {
      "Value": 0.9999999843067494
    }
  },
  "2": {
    "ID": 2,
    "LevelDifference": 70,
    "StanceLevelEffect": {
      "Value": 0.9999999843067494
    }
  },
  "3": {
    "ID": 3,
    "LevelDifference": 60,
    "StanceLevelEffect": {
      "Value": 0.9999999843067494
    }
  },
  "4": {
    "ID": 4,
    "LevelDifference": 50,
    "StanceLevelEffect": {
      "Value": 0.9999999843067494
    }
  },
  "5": {
    "ID": 5,
    "LevelDifference": 40,
    "StanceLevelEffect": {
      "Value": 0.9999999843067494
    }
  },
  "6": {
    "ID": 6,
    "LevelDifference": 30,
    "StanceLevelEffect": {
      "Value": 0.9999999843067494
    }
  },
  "7": {
    "ID": 7,
    "LevelDifference": 20,
    "StanceLevelEffect": {
      "Value": 0.9999999843067494
    }
  },
  "8": {
    "ID": 8,
    "LevelDifference": 15,
    "StanceLevelEffect": {
      "Value": 0.9999999843067494
    }
  },
  "9": {
    "ID": 9,
    "StanceLevelEffect": {
      "Value": 0.9999999843067494
    }
  },
  "10": {
    "ID": 10,
    "LevelDifference": -15,
    "StanceLevelEffect": {
      "Value": 0.9999999843067494
    }
  },
  "11": {
    "ID": 11,
    "LevelDifference": -20,
    "StanceLevelEffect": {
      "Value": 0.9999999843067494
    }
  },
  "12": {
    "ID": 12,
    "LevelDifference": -30,
    "StanceLevelEffect": {
      "Value": 0.9999999843067494
    }
  },
  "13": {
    "ID": 13,
    "LevelDifference": -40,
    "StanceLevelEffect": {
      "Value": 0.9999999843067494
    }
  },
  "14": {
    "ID": 14,
    "LevelDifference": -999,
    "StanceLevelEffect": {
      "Value": 0.9999999843067494
    }
  }
}